{
  "time": 2.169916099999682,
  "timings": {
    "files": 0.00025839999989329954,
    "search": 2.167725999999675,
    "write": 0.0004840000001422595,
    "add": 0.001447699999971519
  },
  "search_results": 5,
  "add_ok": true,
  "calls": 4
}